-- phpMyAdmin SQL Dump
-- version 4.9.2
-- https://www.phpmyadmin.net/
--
-- Host: 127.0.0.1:3306
-- Generation Time: Sep 19, 2020 at 07:43 PM
-- Server version: 10.4.10-MariaDB
-- PHP Version: 7.3.12

SET SQL_MODE = "NO_AUTO_VALUE_ON_ZERO";
SET AUTOCOMMIT = 0;
START TRANSACTION;
SET time_zone = "+00:00";


/*!40101 SET @OLD_CHARACTER_SET_CLIENT=@@CHARACTER_SET_CLIENT */;
/*!40101 SET @OLD_CHARACTER_SET_RESULTS=@@CHARACTER_SET_RESULTS */;
/*!40101 SET @OLD_COLLATION_CONNECTION=@@COLLATION_CONNECTION */;
/*!40101 SET NAMES utf8mb4 */;

--
-- Database: `concordant`
--

-- --------------------------------------------------------

--
-- Table structure for table `conflict`
--

DROP TABLE IF EXISTS `conflict`;
CREATE TABLE IF NOT EXISTS `conflict` (
  `id` int(11) NOT NULL AUTO_INCREMENT,
  `name` varchar(255) NOT NULL,
  `description` text NOT NULL,
  `avatar_url` varchar(255) NOT NULL,
  `create_date` timestamp NOT NULL DEFAULT current_timestamp() ON UPDATE current_timestamp(),
  `organization_a_id` int(11) NOT NULL,
  `organization_b_id` int(11) NOT NULL,
  `creator_user_id` int(11) NOT NULL,
  PRIMARY KEY (`id`),
  KEY `creator_user_id` (`creator_user_id`),
  KEY `organization_a_id` (`organization_a_id`),
  KEY `organization_b_id` (`organization_b_id`)
) ENGINE=InnoDB AUTO_INCREMENT=4 DEFAULT CHARSET=latin1;

--
-- Dumping data for table `conflict`
--

INSERT INTO `conflict` (`id`, `name`, `description`, `avatar_url`, `create_date`, `organization_a_id`, `organization_b_id`, `creator_user_id`) VALUES
(2, 'Politics brochef', 'get reeeeLY HIGH', 'https://images.unsplash.com/photo-1506886009355-7f3af05dd5d2?ixlib=rb-1.2.1&ixid=eyJhcHBfaWQiOjEyMDd9&auto=format&fit=crop&w=500&q=60', '2020-09-18 22:22:42', 2, 1, 56),
(3, 'Battle of Sexes', 'Girls and boys', 'https://images.unsplash.com/photo-1528827383711-2f6b2f082585?ixlib=rb-1.2.1&ixid=eyJhcHBfaWQiOjEyMDd9&auto=format&fit=crop&w=1350&q=80', '2020-09-18 01:43:08', 5, 6, 56);

-- --------------------------------------------------------

--
-- Table structure for table `grievance`
--

DROP TABLE IF EXISTS `grievance`;
CREATE TABLE IF NOT EXISTS `grievance` (
  `id` int(11) NOT NULL AUTO_INCREMENT,
  `title` varchar(255) NOT NULL,
  `description` text NOT NULL,
  `conflict_id` int(11) NOT NULL,
  `organization_id` int(11) NOT NULL,
  `creator_user_id` int(11) NOT NULL,
  `create_date` datetime NOT NULL,
  `creator_organization_id` int(11) NOT NULL,
  PRIMARY KEY (`id`),
  KEY `creator_user_id` (`creator_user_id`),
  KEY `organization_id` (`organization_id`),
  KEY `user_organization_id` (`creator_organization_id`),
  KEY `grievance_ibfk_3` (`conflict_id`)
) ENGINE=InnoDB AUTO_INCREMENT=32 DEFAULT CHARSET=latin1;

--
-- Dumping data for table `grievance`
--

INSERT INTO `grievance` (`id`, `title`, `description`, `conflict_id`, `organization_id`, `creator_user_id`, `create_date`, `creator_organization_id`) VALUES
(29, 'f sdfsdfsdfvf sdfsdfsdff sdfsdfsdf', 'f sdfsdfsdff sdfsdfsdff sdfsdfsdff sdfsdfsdff sdfsdfsdff sdfsdfsdff sdfsdfsdff sdfsdfsdff sdfsdfsdff sdfsdfsdf', 2, 1, 56, '2020-09-14 00:00:00', 1),
(30, 'csc', 'scsc', 2, 1, 56, '2020-09-17 03:47:44', 1),
(31, 'afds', 'fadsf', 3, 5, 56, '2020-09-18 01:28:45', 5);

-- --------------------------------------------------------

--
-- Table structure for table `grievance_comment`
--

DROP TABLE IF EXISTS `grievance_comment`;
CREATE TABLE IF NOT EXISTS `grievance_comment` (
  `id` int(11) NOT NULL AUTO_INCREMENT,
  `text` text NOT NULL,
  `creator_user_id` int(11) NOT NULL,
  `grievance_id` int(11) NOT NULL,
  `create_date` timestamp NOT NULL DEFAULT current_timestamp() ON UPDATE current_timestamp(),
  PRIMARY KEY (`id`),
  KEY `creator_user_id` (`creator_user_id`),
  KEY `grievance_id` (`grievance_id`)
) ENGINE=InnoDB AUTO_INCREMENT=21 DEFAULT CHARSET=latin1;

--
-- Dumping data for table `grievance_comment`
--

INSERT INTO `grievance_comment` (`id`, `text`, `creator_user_id`, `grievance_id`, `create_date`) VALUES
(20, 'fsf', 56, 30, '2020-09-17 08:48:13');

-- --------------------------------------------------------

--
-- Table structure for table `grievance_like`
--

DROP TABLE IF EXISTS `grievance_like`;
CREATE TABLE IF NOT EXISTS `grievance_like` (
  `id` int(11) NOT NULL AUTO_INCREMENT,
  `organization_id` int(11) NOT NULL,
  `creator_user_id` int(11) NOT NULL,
  `grievance_id` int(11) NOT NULL,
  `create_date` timestamp NOT NULL DEFAULT current_timestamp() ON UPDATE current_timestamp(),
  `liked` tinyint(1) NOT NULL,
  PRIMARY KEY (`id`),
  UNIQUE KEY `id` (`id`,`organization_id`,`creator_user_id`,`grievance_id`),
  KEY `creator_user_id` (`creator_user_id`),
  KEY `grievance_id` (`grievance_id`),
  KEY `organization_id` (`organization_id`)
) ENGINE=InnoDB AUTO_INCREMENT=42 DEFAULT CHARSET=latin1;

--
-- Dumping data for table `grievance_like`
--

INSERT INTO `grievance_like` (`id`, `organization_id`, `creator_user_id`, `grievance_id`, `create_date`, `liked`) VALUES
(41, 1, 56, 30, '2020-09-17 08:47:56', 1);

-- --------------------------------------------------------

--
-- Table structure for table `offer`
--

DROP TABLE IF EXISTS `offer`;
CREATE TABLE IF NOT EXISTS `offer` (
  `id` int(11) NOT NULL AUTO_INCREMENT,
  `title` varchar(255) NOT NULL,
  `description` text NOT NULL,
  `conflict_id` int(11) NOT NULL,
  `organization_id` int(11) NOT NULL,
  `creator_user_id` int(11) NOT NULL,
  `create_date` datetime NOT NULL,
  `creator_organization_id` int(11) NOT NULL,
  PRIMARY KEY (`id`),
  KEY `creator_user_id` (`creator_user_id`),
  KEY `organization_id` (`organization_id`),
  KEY `creator_organization_id` (`creator_organization_id`),
  KEY `offer_ibfk_3` (`conflict_id`)
) ENGINE=InnoDB AUTO_INCREMENT=15 DEFAULT CHARSET=latin1;

--
-- Dumping data for table `offer`
--

INSERT INTO `offer` (`id`, `title`, `description`, `conflict_id`, `organization_id`, `creator_user_id`, `create_date`, `creator_organization_id`) VALUES
(13, 'fadsfr3r', 'fsr3r', 2, 2, 56, '2020-09-17 04:12:14', 1),
(14, 'ytut', 'utyutyu', 3, 6, 56, '2020-09-18 04:23:13', 5);

-- --------------------------------------------------------

--
-- Table structure for table `offer_comment`
--

DROP TABLE IF EXISTS `offer_comment`;
CREATE TABLE IF NOT EXISTS `offer_comment` (
  `id` int(11) NOT NULL AUTO_INCREMENT,
  `text` text NOT NULL,
  `creator_user_id` int(11) NOT NULL,
  `offer_id` int(11) NOT NULL,
  `create_date` datetime NOT NULL,
  PRIMARY KEY (`id`),
  KEY `offer_id` (`offer_id`)
) ENGINE=InnoDB AUTO_INCREMENT=5 DEFAULT CHARSET=latin1;

--
-- Dumping data for table `offer_comment`
--

INSERT INTO `offer_comment` (`id`, `text`, `creator_user_id`, `offer_id`, `create_date`) VALUES
(4, 'feafa', 56, 13, '2020-09-18 22:33:13');

-- --------------------------------------------------------

--
-- Table structure for table `offer_like`
--

DROP TABLE IF EXISTS `offer_like`;
CREATE TABLE IF NOT EXISTS `offer_like` (
  `id` int(11) NOT NULL AUTO_INCREMENT,
  `organization_id` int(11) NOT NULL,
  `creator_user_id` int(11) NOT NULL,
  `offer_id` int(11) NOT NULL,
  `create_date` timestamp NOT NULL DEFAULT current_timestamp() ON UPDATE current_timestamp(),
  `liked` tinyint(4) NOT NULL,
  PRIMARY KEY (`id`),
  KEY `creator_user_id` (`creator_user_id`),
  KEY `offer_id` (`offer_id`),
  KEY `organization_id` (`organization_id`)
) ENGINE=InnoDB AUTO_INCREMENT=12 DEFAULT CHARSET=latin1;

--
-- Dumping data for table `offer_like`
--

INSERT INTO `offer_like` (`id`, `organization_id`, `creator_user_id`, `offer_id`, `create_date`, `liked`) VALUES
(10, 2, 56, 13, '2020-09-17 09:14:17', 1),
(11, 2, 56, 13, '2020-09-17 09:14:17', 1);

-- --------------------------------------------------------

--
-- Table structure for table `organization`
--

DROP TABLE IF EXISTS `organization`;
CREATE TABLE IF NOT EXISTS `organization` (
  `name` varchar(100) NOT NULL,
  `description` text NOT NULL,
  `avatar_url` varchar(200) NOT NULL,
  `id` int(11) NOT NULL AUTO_INCREMENT,
  `creator_user_id` int(11) NOT NULL,
  `create_date` timestamp NOT NULL DEFAULT current_timestamp() ON UPDATE current_timestamp(),
  PRIMARY KEY (`id`),
  UNIQUE KEY `name` (`name`),
  KEY `creator_user_id` (`creator_user_id`)
) ENGINE=InnoDB AUTO_INCREMENT=11 DEFAULT CHARSET=latin1;

--
-- Dumping data for table `organization`
--

INSERT INTO `organization` (`name`, `description`, `avatar_url`, `id`, `creator_user_id`, `create_date`) VALUES
('liberals', 'lefties bros and gals', 'https://images.unsplash.com/photo-1599046275743-0bad6f894738?ixlib=rb-1.2.1&ixid=eyJhcHBfaWQiOjEyMDd9&auto=format&fit=crop&w=634&q=80', 1, 1, '2020-09-09 21:23:49'),
('conservatives', 'right wingers', 'https://images.unsplash.com/photo-1566315364780-c1789668ca6e?ixlib=rb-1.2.1&ixid=eyJhcHBfaWQiOjEyMDd9&auto=format&fit=crop&w=996&q=80', 2, 1, '2020-09-09 21:23:49'),
('Men', 'dude yo', 'https://images.unsplash.com/photo-1472099645785-5658abf4ff4e?ixlib=rb-1.2.1&auto=format&fit=crop&w=1350&q=80', 5, 1, '2020-09-09 21:23:49'),
('Women', 'ladies night', 'https://images.unsplash.com/photo-1508214751196-bcfd4ca60f91?ixlib=rb-1.2.1&ixid=eyJhcHBfaWQiOjEyMDd9&auto=format&fit=crop&w=1350&q=80', 6, 1, '2020-09-09 21:23:49'),
('POTHEADS', 'ja mon', 'https://images.unsplash.com/photo-1589141986943-5578615fdef2?ixlib=rb-1.2.1&ixid=eyJhcHBfaWQiOjEyMDd9&auto=format&fit=crop&w=1350&q=80', 8, 4, '2020-09-09 21:26:22'),
('Sock People', 'go on our feet', 'https://images.unsplash.com/photo-1599653813516-a0507ec80916?ixlib=rb-1.2.1&ixid=eyJhcHBfaWQiOjEyMDd9&auto=format&fit=crop&w=1350&q=80', 9, 4, '2020-09-10 10:34:53'),
('Artists', 'Neato', 'https://images.unsplash.com/photo-1599427724440-3df71e59541e?ixlib=rb-1.2.1&ixid=eyJhcHBfaWQiOjEyMDd9&auto=format&fit=crop&w=1489&q=80', 10, 4, '2020-09-10 10:36:56');

-- --------------------------------------------------------

--
-- Table structure for table `provision_comment`
--

DROP TABLE IF EXISTS `provision_comment`;
CREATE TABLE IF NOT EXISTS `provision_comment` (
  `id` int(11) NOT NULL AUTO_INCREMENT,
  `text` text NOT NULL,
  `creator_user_id` int(11) NOT NULL,
  `provision_id` int(11) NOT NULL,
  `create_date` timestamp NOT NULL DEFAULT current_timestamp() ON UPDATE current_timestamp(),
  PRIMARY KEY (`id`),
  KEY `creator_user_id` (`creator_user_id`),
  KEY `provision_id` (`provision_id`)
) ENGINE=InnoDB AUTO_INCREMENT=22 DEFAULT CHARSET=latin1;

--
-- Dumping data for table `provision_comment`
--

INSERT INTO `provision_comment` (`id`, `text`, `creator_user_id`, `provision_id`, `create_date`) VALUES
(20, 'sdfgdfg', 56, 24, '2020-09-19 14:24:47'),
(21, 'fassfasdf', 56, 24, '2020-09-19 14:26:45');

-- --------------------------------------------------------

--
-- Table structure for table `provision_like`
--

DROP TABLE IF EXISTS `provision_like`;
CREATE TABLE IF NOT EXISTS `provision_like` (
  `id` int(11) NOT NULL AUTO_INCREMENT,
  `organization_id` int(11) NOT NULL,
  `creator_user_id` int(11) NOT NULL,
  `provision_id` int(11) NOT NULL,
  `create_date` timestamp NOT NULL DEFAULT current_timestamp() ON UPDATE current_timestamp(),
  `liked` tinyint(1) NOT NULL,
  PRIMARY KEY (`id`),
  UNIQUE KEY `id` (`id`,`organization_id`,`creator_user_id`,`provision_id`),
  KEY `creator_user_id` (`creator_user_id`),
  KEY `provision_id` (`provision_id`),
  KEY `organization_id` (`organization_id`)
) ENGINE=InnoDB AUTO_INCREMENT=9 DEFAULT CHARSET=latin1;

--
-- Dumping data for table `provision_like`
--

INSERT INTO `provision_like` (`id`, `organization_id`, `creator_user_id`, `provision_id`, `create_date`, `liked`) VALUES
(5, 1, 56, 21, '2020-09-18 04:55:05', 1),
(6, 1, 56, 21, '2020-09-18 04:55:06', 1),
(7, 1, 56, 24, '2020-09-19 14:24:41', 1),
(8, 1, 56, 23, '2020-09-19 16:13:34', 1);

-- --------------------------------------------------------

--
-- Table structure for table `provision_status`
--

DROP TABLE IF EXISTS `provision_status`;
CREATE TABLE IF NOT EXISTS `provision_status` (
  `id` int(11) NOT NULL AUTO_INCREMENT,
  `name` varchar(20) NOT NULL,
  PRIMARY KEY (`id`)
) ENGINE=MyISAM AUTO_INCREMENT=4 DEFAULT CHARSET=latin1;

--
-- Dumping data for table `provision_status`
--

INSERT INTO `provision_status` (`id`, `name`) VALUES
(1, 'proposal'),
(2, 'pending'),
(3, 'approved');

-- --------------------------------------------------------

--
-- Table structure for table `treaty`
--

DROP TABLE IF EXISTS `treaty`;
CREATE TABLE IF NOT EXISTS `treaty` (
  `id` int(11) NOT NULL AUTO_INCREMENT,
  `name` varchar(100) NOT NULL,
  `description` text NOT NULL,
  `creator_user_id` int(11) NOT NULL,
  `organization_id` int(11) NOT NULL,
  `conflict_id` int(11) NOT NULL,
  `avatar_url` varchar(255) NOT NULL,
  `status_id` int(11) NOT NULL,
  `create_date` timestamp NOT NULL DEFAULT current_timestamp() ON UPDATE current_timestamp(),
  PRIMARY KEY (`id`),
  KEY `creator_user_id` (`creator_user_id`),
  KEY `organization_id` (`organization_id`),
  KEY `status_id` (`status_id`)
) ENGINE=InnoDB AUTO_INCREMENT=30 DEFAULT CHARSET=latin1;

--
-- Dumping data for table `treaty`
--

INSERT INTO `treaty` (`id`, `name`, `description`, `creator_user_id`, `organization_id`, `conflict_id`, `avatar_url`, `status_id`, `create_date`) VALUES
(24, 'fasdf', 'fsfs ffsf sffs fsffsfsffsf sffs fsffsfsf fsfsf', 56, 1, 2, 'https://images.unsplash.com/photo-1483911001049-ccd2c8148f9a?ixlib=rb-1.2.1&auto=format&fit=crop&w=1350&q=80', 1, '2020-09-19 11:01:26'),
(26, 'f3f 33', 'fsfs ffsf sffs fsffsfsffsf sffs fsffsfsf fsfsf', 56, 6, 3, 'https://images.unsplash.com/photo-1483911001049-ccd2c8148f9a?ixlib=rb-1.2.1&auto=format&fit=crop&w=1350&q=80', 1, '2020-09-19 11:01:26'),
(27, 'bbbbbb aaa', 'fsfs ffsf sffs fsffsfsffsf sffs fsffsfsf fsfsf', 56, 5, 3, 'https://images.unsplash.com/photo-1483911001049-ccd2c8148f9a?ixlib=rb-1.2.1&auto=format&fit=crop&w=1350&q=80', 1, '2020-09-19 11:01:26'),
(28, 'sheeet', 'fsfs ffsf sffs fsffsfsffsf sffs fsffsfsf fsfsf', 56, 2, 2, 'https://images.unsplash.com/photo-1483911001049-ccd2c8148f9a?ixlib=rb-1.2.1&auto=format&fit=crop&w=1350&q=80', 1, '2020-09-19 11:03:10'),
(29, 'fsr', 'fsfs ffsf sffs fsffsfsffsf sffs fsffsfsf fsfsf', 56, 1, 2, 'https://images.unsplash.com/photo-1483911001049-ccd2c8148f9a?ixlib=rb-1.2.1&auto=format&fit=crop&w=1350&q=80', 1, '2020-09-19 11:00:37');

-- --------------------------------------------------------

--
-- Table structure for table `treaty_comment`
--

DROP TABLE IF EXISTS `treaty_comment`;
CREATE TABLE IF NOT EXISTS `treaty_comment` (
  `id` int(11) NOT NULL AUTO_INCREMENT,
  `text` text NOT NULL,
  `creator_user_id` int(11) NOT NULL,
  `treaty_id` int(11) NOT NULL,
  `create_date` datetime NOT NULL,
  PRIMARY KEY (`id`),
  KEY `creator_user_id` (`creator_user_id`),
  KEY `treaty_id` (`treaty_id`)
) ENGINE=InnoDB AUTO_INCREMENT=2 DEFAULT CHARSET=latin1;

--
-- Dumping data for table `treaty_comment`
--

INSERT INTO `treaty_comment` (`id`, `text`, `creator_user_id`, `treaty_id`, `create_date`) VALUES
(1, 'dsfgsg sdf', 56, 29, '2020-09-19 09:35:38');

-- --------------------------------------------------------

--
-- Table structure for table `treaty_provision`
--

DROP TABLE IF EXISTS `treaty_provision`;
CREATE TABLE IF NOT EXISTS `treaty_provision` (
  `id` int(11) NOT NULL AUTO_INCREMENT,
  `treaty_id` int(11) NOT NULL,
  `creator_user_id` int(11) NOT NULL,
  `create_date` timestamp NOT NULL DEFAULT current_timestamp() ON UPDATE current_timestamp(),
  `status_id` int(11) NOT NULL,
  `title` varchar(255) NOT NULL,
  `description` text NOT NULL,
  `position` smallint(6) NOT NULL,
  PRIMARY KEY (`id`),
  KEY `creator_user_id` (`creator_user_id`),
  KEY `treaty_id` (`treaty_id`)
) ENGINE=InnoDB AUTO_INCREMENT=25 DEFAULT CHARSET=latin1;

--
-- Dumping data for table `treaty_provision`
--

INSERT INTO `treaty_provision` (`id`, `treaty_id`, `creator_user_id`, `create_date`, `status_id`, `title`, `description`, `position`) VALUES
(21, 24, 56, '2020-09-18 04:54:19', 1, 'will not eat cookies', 'can i get a what what', 0),
(22, 24, 56, '2020-09-18 04:54:19', 1, 'sssshit prov 2', 'forget about it', 1),
(23, 28, 56, '2020-09-19 13:37:06', 1, 'eat vag', 'yayay', 0),
(24, 29, 56, '2020-09-19 13:46:49', 1, 'sdaf', 'sdaff', 0);

-- --------------------------------------------------------

--
-- Table structure for table `treaty_rating`
--

DROP TABLE IF EXISTS `treaty_rating`;
CREATE TABLE IF NOT EXISTS `treaty_rating` (
  `id` int(11) NOT NULL AUTO_INCREMENT,
  `create_date` timestamp NOT NULL DEFAULT current_timestamp() ON UPDATE current_timestamp(),
  `creator_user_id` int(11) NOT NULL,
  `treaty_id` int(11) NOT NULL,
  `value` tinyint(4) NOT NULL,
  `organization_id` int(11) NOT NULL,
  PRIMARY KEY (`id`),
  KEY `creator_user_id` (`creator_user_id`),
  KEY `treaty_id` (`treaty_id`),
  KEY `organization_id` (`organization_id`)
) ENGINE=InnoDB AUTO_INCREMENT=34 DEFAULT CHARSET=latin1;

--
-- Dumping data for table `treaty_rating`
--

INSERT INTO `treaty_rating` (`id`, `create_date`, `creator_user_id`, `treaty_id`, `value`, `organization_id`) VALUES
(29, '2020-09-18 09:44:45', 56, 24, 3, 1),
(30, '2020-09-19 14:24:37', 56, 29, 5, 1),
(31, '2020-09-19 14:37:59', 56, 29, 2, 1),
(32, '2020-09-19 15:18:39', 56, 29, 5, 1),
(33, '2020-09-19 16:13:32', 56, 28, 5, 1);

-- --------------------------------------------------------

--
-- Table structure for table `treaty_status`
--

DROP TABLE IF EXISTS `treaty_status`;
CREATE TABLE IF NOT EXISTS `treaty_status` (
  `id` int(11) NOT NULL AUTO_INCREMENT,
  `name` varchar(12) NOT NULL,
  PRIMARY KEY (`id`)
) ENGINE=InnoDB AUTO_INCREMENT=5 DEFAULT CHARSET=latin1;

--
-- Dumping data for table `treaty_status`
--

INSERT INTO `treaty_status` (`id`, `name`) VALUES
(1, 'proposal'),
(2, 'pending'),
(3, 'accepted'),
(4, 'conflicted');

-- --------------------------------------------------------

--
-- Table structure for table `user`
--

DROP TABLE IF EXISTS `user`;
CREATE TABLE IF NOT EXISTS `user` (
  `id` int(11) NOT NULL AUTO_INCREMENT,
  `email` varchar(255) NOT NULL,
  `name` varchar(100) NOT NULL,
  `biography` text NOT NULL,
  `password` char(32) NOT NULL,
  `type_id` int(11) DEFAULT NULL,
  `create_date` timestamp NOT NULL DEFAULT current_timestamp() ON UPDATE current_timestamp(),
  `location` varchar(255) NOT NULL,
  `avatar_url` varchar(255) NOT NULL,
  `facebook_uuid` varchar(17) NOT NULL,
  `profile_background_url` varchar(255) NOT NULL,
  PRIMARY KEY (`id`)
) ENGINE=InnoDB AUTO_INCREMENT=57 DEFAULT CHARSET=latin1;

--
-- Dumping data for table `user`
--

INSERT INTO `user` (`id`, `email`, `name`, `biography`, `password`, `type_id`, `create_date`, `location`, `avatar_url`, `facebook_uuid`, `profile_background_url`) VALUES
(1, '', 'Bob Baloney', '\nWe\'re taking a trip back in time to make you relive some exclusive moments of the PokerStars Big Game! This means: big names, big pots and big egos. Big Game is the next generation of high stakes cash poker and we\'ve got some exclusive throwbacks for you, featuring Daniel Negreanu, Phil Laak, Doyle Brunson, Barry Greenstein and many more pro poker players. With 5 top pros (who buy themselves in for $100,000) and one Loose Cannon, anything can happen…Check out some amazing bluffs and epic poker hands, see how a Loose Cannon takes on pro poker players and watch some CRAZY poker games. ', '', 0, '2020-09-12 10:21:56', 'Houston', 'https://images.unsplash.com/photo-1540464148-e306e5543db4?ixlib=rb-1.2.1&ixid=eyJhcHBfaWQiOjEyMDd9&auto=format&fit=crop&w=648&q=80', '', 'https://images.unsplash.com/photo-1599813391721-ed8c5fe98166?ixlib=rb-1.2.1&ixid=eyJhcHBfaWQiOjEyMDd9&auto=format&fit=crop&w=1409&q=80'),
(2, 'nick@ni.net', 'Nick', 'afe aff  aef', '123', 0, '2020-09-01 23:51:45', 'Austin', 'https://images.unsplash.com/photo-1452857297128-d9c29adba80b?ixlib=rb-1.2.1&ixid=eyJhcHBfaWQiOjEyMDd9&auto=format&fit=crop&w=1267&q=80', '', ''),
(4, 'nick@nik.net', 'Nick Rios', 'I am neat', '', 0, '2020-09-13 21:14:01', 'Austin', 'https://images.unsplash.com/photo-1573048104623-271ad5635bff?ixlib=rb-1.2.1&ixid=eyJhcHBfaWQiOjEyMDd9&auto=format&fit=crop&w=1350&q=80', '', 'https://i.imgur.com/bapIo7v.jpg'),
(5, 'admin@concordant.io', 'adsf Baloney', 'Handsome man with hairy chest', '123456', 0, '2020-09-02 04:51:45', 'Houston', 'https://images.unsplash.com/photo-1540464148-e306e5543db4?ixlib=rb-1.2.1&ixid=eyJhcHBfaWQiOjEyMDd9&auto=format&fit=crop&w=648&q=80', '', ''),
(6, 'nick@ni.net', 'fvadsv', 'afe aff  aef', '123', 0, '2020-09-02 04:51:45', 'Austin', 'https://images.unsplash.com/photo-1452857297128-d9c29adba80b?ixlib=rb-1.2.1&ixid=eyJhcHBfaWQiOjEyMDd9&auto=format&fit=crop&w=1267&q=80', '', ''),
(8, 'admin@concordant.io', 'adsf Baloney', 'Handsome man with hairy chest', '123456', 0, '2020-09-02 04:51:45', 'Houston', 'https://images.unsplash.com/photo-1540464148-e306e5543db4?ixlib=rb-1.2.1&ixid=eyJhcHBfaWQiOjEyMDd9&auto=format&fit=crop&w=648&q=80', '', ''),
(9, 'nick@ni.net', 'fvadsv', 'afe aff  aef', '123', 0, '2020-09-02 04:51:45', 'Austin', 'https://images.unsplash.com/photo-1452857297128-d9c29adba80b?ixlib=rb-1.2.1&ixid=eyJhcHBfaWQiOjEyMDd9&auto=format&fit=crop&w=1267&q=80', '', ''),
(11, 'admin@concordant.io', 'adsf Baloney', 'Handsome man with hairy chest', '123456', 0, '2020-09-02 04:51:45', 'Houston', 'https://images.unsplash.com/photo-1540464148-e306e5543db4?ixlib=rb-1.2.1&ixid=eyJhcHBfaWQiOjEyMDd9&auto=format&fit=crop&w=648&q=80', '', ''),
(12, 'nick@ni.net', 'fvadsv', 'afe aff  aef', '123', 0, '2020-09-02 04:51:45', 'Austin', 'https://images.unsplash.com/photo-1452857297128-d9c29adba80b?ixlib=rb-1.2.1&ixid=eyJhcHBfaWQiOjEyMDd9&auto=format&fit=crop&w=1267&q=80', '', ''),
(14, 'admin@concordant.io', 'adsf Baloney', 'Handsome man with hairy chest', '123456', 0, '2020-09-02 04:51:45', 'Houston', 'https://images.unsplash.com/photo-1540464148-e306e5543db4?ixlib=rb-1.2.1&ixid=eyJhcHBfaWQiOjEyMDd9&auto=format&fit=crop&w=648&q=80', '', ''),
(15, 'nick@ni.net', 'fvadsv', 'afe aff  aef', '123', 0, '2020-09-02 04:51:45', 'Austin', 'https://images.unsplash.com/photo-1452857297128-d9c29adba80b?ixlib=rb-1.2.1&ixid=eyJhcHBfaWQiOjEyMDd9&auto=format&fit=crop&w=1267&q=80', '', ''),
(17, 'admin@concordant.io', 'adsf Baloney', 'Handsome man with hairy chest', '123456', 0, '2020-09-02 04:51:45', 'Houston', 'https://images.unsplash.com/photo-1540464148-e306e5543db4?ixlib=rb-1.2.1&ixid=eyJhcHBfaWQiOjEyMDd9&auto=format&fit=crop&w=648&q=80', '', ''),
(18, 'nick@ni.net', 'fvadsv', 'afe aff  aef', '123', 0, '2020-09-02 04:51:45', 'Austin', 'https://images.unsplash.com/photo-1452857297128-d9c29adba80b?ixlib=rb-1.2.1&ixid=eyJhcHBfaWQiOjEyMDd9&auto=format&fit=crop&w=1267&q=80', '', ''),
(20, 'admin@concordant.io', 'adsf Baloney', 'Handsome man with hairy chest', '123456', 0, '2020-09-02 04:51:45', 'Houston', 'https://images.unsplash.com/photo-1540464148-e306e5543db4?ixlib=rb-1.2.1&ixid=eyJhcHBfaWQiOjEyMDd9&auto=format&fit=crop&w=648&q=80', '', ''),
(21, 'nick@ni.net', 'fvadsv', 'afe aff  aef', '123', 0, '2020-09-02 04:51:45', 'Austin', 'https://images.unsplash.com/photo-1452857297128-d9c29adba80b?ixlib=rb-1.2.1&ixid=eyJhcHBfaWQiOjEyMDd9&auto=format&fit=crop&w=1267&q=80', '', ''),
(23, 'admin@concordant.io', 'adsf Baloney', 'Handsome man with hairy chest', '123456', 0, '2020-09-02 04:51:45', 'Houston', 'https://images.unsplash.com/photo-1540464148-e306e5543db4?ixlib=rb-1.2.1&ixid=eyJhcHBfaWQiOjEyMDd9&auto=format&fit=crop&w=648&q=80', '', ''),
(24, 'nick@ni.net', 'fvadsv', 'afe aff  aef', '123', 0, '2020-09-02 04:51:45', 'Austin', 'https://images.unsplash.com/photo-1452857297128-d9c29adba80b?ixlib=rb-1.2.1&ixid=eyJhcHBfaWQiOjEyMDd9&auto=format&fit=crop&w=1267&q=80', '', ''),
(26, 'admin@concordant.io', 'adsf Baloney', 'Handsome man with hairy chest', '123456', 0, '2020-09-02 04:51:45', 'Houston', 'https://images.unsplash.com/photo-1540464148-e306e5543db4?ixlib=rb-1.2.1&ixid=eyJhcHBfaWQiOjEyMDd9&auto=format&fit=crop&w=648&q=80', '', ''),
(27, 'nick@ni.net', 'fvadsv', 'afe aff  aef', '123', 0, '2020-09-02 04:51:45', 'Austin', 'https://images.unsplash.com/photo-1452857297128-d9c29adba80b?ixlib=rb-1.2.1&ixid=eyJhcHBfaWQiOjEyMDd9&auto=format&fit=crop&w=1267&q=80', '', ''),
(29, 'admin@concordant.io', 'adsf Baloney', 'Handsome man with hairy chest', '123456', 0, '2020-09-02 04:51:45', 'Houston', 'https://images.unsplash.com/photo-1540464148-e306e5543db4?ixlib=rb-1.2.1&ixid=eyJhcHBfaWQiOjEyMDd9&auto=format&fit=crop&w=648&q=80', '', ''),
(30, 'nick@ni.net', 'fvadsv', 'afe aff  aef', '123', 0, '2020-09-02 04:51:45', 'Austin', 'https://images.unsplash.com/photo-1452857297128-d9c29adba80b?ixlib=rb-1.2.1&ixid=eyJhcHBfaWQiOjEyMDd9&auto=format&fit=crop&w=1267&q=80', '', ''),
(32, 'admin@concordant.io', 'adsf Baloney', 'Handsome man with hairy chest', '123456', 0, '2020-09-02 04:51:45', 'Houston', 'https://images.unsplash.com/photo-1540464148-e306e5543db4?ixlib=rb-1.2.1&ixid=eyJhcHBfaWQiOjEyMDd9&auto=format&fit=crop&w=648&q=80', '', ''),
(33, 'nick@ni.net', 'fvadsv', 'afe aff  aef', '123', 0, '2020-09-02 04:51:45', 'Austin', 'https://images.unsplash.com/photo-1452857297128-d9c29adba80b?ixlib=rb-1.2.1&ixid=eyJhcHBfaWQiOjEyMDd9&auto=format&fit=crop&w=1267&q=80', '', ''),
(35, 'admin@concordant.io', 'adsf Baloney', 'Handsome man with hairy chest', '123456', 0, '2020-09-02 04:51:45', 'Houston', 'https://images.unsplash.com/photo-1540464148-e306e5543db4?ixlib=rb-1.2.1&ixid=eyJhcHBfaWQiOjEyMDd9&auto=format&fit=crop&w=648&q=80', '', ''),
(36, 'nick@ni.net', 'fvadsv', 'afe aff  aef', '123', 0, '2020-09-02 04:51:45', 'Austin', 'https://images.unsplash.com/photo-1452857297128-d9c29adba80b?ixlib=rb-1.2.1&ixid=eyJhcHBfaWQiOjEyMDd9&auto=format&fit=crop&w=1267&q=80', '', ''),
(38, 'admin@concordant.io', 'adsf Baloney', 'Handsome man with hairy chest', '123456', 0, '2020-09-02 04:51:45', 'Houston', 'https://images.unsplash.com/photo-1540464148-e306e5543db4?ixlib=rb-1.2.1&ixid=eyJhcHBfaWQiOjEyMDd9&auto=format&fit=crop&w=648&q=80', '', ''),
(39, 'nick@ni.net', 'fvadsv', 'afe aff  aef', '123', 0, '2020-09-02 04:51:45', 'Austin', 'https://images.unsplash.com/photo-1452857297128-d9c29adba80b?ixlib=rb-1.2.1&ixid=eyJhcHBfaWQiOjEyMDd9&auto=format&fit=crop&w=1267&q=80', '', ''),
(41, 'admin@concordant.io', 'adsf Baloney', 'Handsome man with hairy chest', '123456', 0, '2020-09-02 04:51:45', 'Houston', 'https://images.unsplash.com/photo-1540464148-e306e5543db4?ixlib=rb-1.2.1&ixid=eyJhcHBfaWQiOjEyMDd9&auto=format&fit=crop&w=648&q=80', '', ''),
(42, 'nick@ni.net', 'fvadsv', 'afe aff  aef', '123', 0, '2020-09-02 04:51:45', 'Austin', 'https://images.unsplash.com/photo-1452857297128-d9c29adba80b?ixlib=rb-1.2.1&ixid=eyJhcHBfaWQiOjEyMDd9&auto=format&fit=crop&w=1267&q=80', '', ''),
(44, 'admin@concordant.io', 'adsf Baloney', 'Handsome man with hairy chest', '123456', 0, '2020-09-02 04:51:45', 'Houston', 'https://images.unsplash.com/photo-1540464148-e306e5543db4?ixlib=rb-1.2.1&ixid=eyJhcHBfaWQiOjEyMDd9&auto=format&fit=crop&w=648&q=80', '', ''),
(45, 'nick@ni.net', 'fvadsv', 'afe aff  aef', '123', 0, '2020-09-02 04:51:45', 'Austin', 'https://images.unsplash.com/photo-1452857297128-d9c29adba80b?ixlib=rb-1.2.1&ixid=eyJhcHBfaWQiOjEyMDd9&auto=format&fit=crop&w=1267&q=80', '', ''),
(47, 'admin@concordant.io', 'adsf Baloney', 'Handsome man with hairy chest', '123456', 0, '2020-09-02 04:51:45', 'Houston', 'https://images.unsplash.com/photo-1540464148-e306e5543db4?ixlib=rb-1.2.1&ixid=eyJhcHBfaWQiOjEyMDd9&auto=format&fit=crop&w=648&q=80', '', ''),
(48, 'nick@ni.net', 'fvadsv', 'afe aff  aef', '123', 0, '2020-09-02 04:51:45', 'Austin', 'https://images.unsplash.com/photo-1452857297128-d9c29adba80b?ixlib=rb-1.2.1&ixid=eyJhcHBfaWQiOjEyMDd9&auto=format&fit=crop&w=1267&q=80', '', ''),
(50, 'admin@concordant.io', 'adsf Baloney', 'Handsome man with hairy chest', '123456', 0, '2020-09-02 04:51:45', 'Houston', 'https://images.unsplash.com/photo-1540464148-e306e5543db4?ixlib=rb-1.2.1&ixid=eyJhcHBfaWQiOjEyMDd9&auto=format&fit=crop&w=648&q=80', '', ''),
(51, 'nick@ni.net', 'fvadsv', 'afe aff  aef', '123', 0, '2020-09-02 04:51:45', 'Austin', 'https://images.unsplash.com/photo-1452857297128-d9c29adba80b?ixlib=rb-1.2.1&ixid=eyJhcHBfaWQiOjEyMDd9&auto=format&fit=crop&w=1267&q=80', '', ''),
(53, 'admin@concordant.io', 'adsf Baloney', 'Handsome man with hairy chest', '123456', 0, '2020-09-02 04:51:45', 'Houston', 'https://images.unsplash.com/photo-1540464148-e306e5543db4?ixlib=rb-1.2.1&ixid=eyJhcHBfaWQiOjEyMDd9&auto=format&fit=crop&w=648&q=80', '', ''),
(54, 'nick@ni.net', 'fvadsv', 'afe aff  aef', '123', 0, '2020-09-02 04:51:45', 'Austin', 'https://images.unsplash.com/photo-1452857297128-d9c29adba80b?ixlib=rb-1.2.1&ixid=eyJhcHBfaWQiOjEyMDd9&auto=format&fit=crop&w=1267&q=80', '', ''),
(56, 'neee@way.net', 'Neee', 'The Flexbox Layout (Flexible Box) module (currently a W3C Last Call Working Draft) aims at providing a more efficient way to lay out, align and distribute space among items in a container, even when their size is unknown and/or dynamic (thus the word “flex”).', '', NULL, '2020-09-15 05:50:30', 'Austin', 'https://images.unsplash.com/photo-1599939176529-ab6722abc87b?ixlib=rb-1.2.1&ixid=eyJhcHBfaWQiOjEyMDd9&auto=format&fit=crop&w=1350&q=80', '10158432748220049', 'https://images.unsplash.com/photo-1584285394314-9ba41fbe1dd7?ixlib=rb-1.2.1&auto=format&fit=crop&w=1261&q=80');

-- --------------------------------------------------------

--
-- Table structure for table `user_comment`
--

DROP TABLE IF EXISTS `user_comment`;
CREATE TABLE IF NOT EXISTS `user_comment` (
  `id` int(11) NOT NULL AUTO_INCREMENT,
  `text` text NOT NULL,
  `creator_user_id` int(11) NOT NULL,
  `user_id` int(11) NOT NULL,
  `create_date` datetime NOT NULL,
  PRIMARY KEY (`id`),
  KEY `creator_user_id` (`creator_user_id`),
  KEY `user_id` (`user_id`)
) ENGINE=InnoDB AUTO_INCREMENT=3 DEFAULT CHARSET=latin1;

--
-- Dumping data for table `user_comment`
--

INSERT INTO `user_comment` (`id`, `text`, `creator_user_id`, `user_id`, `create_date`) VALUES
(1, 'ssse', 56, 56, '2020-09-18 01:16:18'),
(2, 'sdfgrss', 56, 56, '2020-09-18 01:16:35');

-- --------------------------------------------------------

--
-- Table structure for table `user_message`
--

DROP TABLE IF EXISTS `user_message`;
CREATE TABLE IF NOT EXISTS `user_message` (
  `id` int(11) NOT NULL AUTO_INCREMENT,
  `text` text NOT NULL,
  `creator_user_id` int(11) NOT NULL,
  `user_id` int(11) NOT NULL,
  `create_date` timestamp NOT NULL DEFAULT current_timestamp() ON UPDATE current_timestamp(),
  `status` tinyint(4) NOT NULL DEFAULT 0,
  PRIMARY KEY (`id`),
  KEY `creator_user_id` (`creator_user_id`),
  KEY `user_id` (`user_id`)
) ENGINE=InnoDB AUTO_INCREMENT=30 DEFAULT CHARSET=latin1;

--
-- Dumping data for table `user_message`
--

INSERT INTO `user_message` (`id`, `text`, `creator_user_id`, `user_id`, `create_date`, `status`) VALUES
(25, 'fsdfs', 56, 6, '2020-09-18 09:03:10', 1),
(26, 'sadfadsf asdf', 56, 56, '2020-09-19 08:36:10', 2),
(28, 'This object defines two properties: page-item and active. Notably, these are the names of the two CSS classes discussed in Step 1. In Step 2, these two class references have become property names in a JavaScript object. The values associated with these property names are JavaScript expressions. If the expression evaluates as truthy, the CSS class will be included. If the expression evaluates to false, the CSS class will not be included. With these rules in mind, let’s look at each property.\r\n\r\nThe first property, page-item, has a value of true. This hard-coded value is used because we always want to include the page-item class. The second property, active, uses a JavaScript expression. When this expression is true, the active class will be applied. This empowers us to conditionally apply the active class based on the value of currentPage. Another way to conditionally apply the active class is by binding to an Array.\r\nBinding using array syntax\r\n\r\nVue lets you apply a list of CSS classes by binding to an Array. If you wanted to use the Array syntax, the HTML shown in Step 1 would become this:', 56, 56, '2020-09-19 08:36:13', 2),
(29, '\'dsaf efaewf\'', 56, 56, '2020-09-19 04:27:15', 2);

-- --------------------------------------------------------

--
-- Table structure for table `user_to_organization`
--

DROP TABLE IF EXISTS `user_to_organization`;
CREATE TABLE IF NOT EXISTS `user_to_organization` (
  `id` int(11) NOT NULL AUTO_INCREMENT,
  `creator_user_id` int(11) NOT NULL,
  `organization_id` int(11) NOT NULL,
  `create_date` datetime NOT NULL,
  PRIMARY KEY (`id`),
  KEY `creator_user_id` (`creator_user_id`),
  KEY `organization_id` (`organization_id`)
) ENGINE=InnoDB AUTO_INCREMENT=47 DEFAULT CHARSET=latin1;

--
-- Dumping data for table `user_to_organization`
--

INSERT INTO `user_to_organization` (`id`, `creator_user_id`, `organization_id`, `create_date`) VALUES
(14, 4, 5, '2020-09-09 21:24:25'),
(22, 6, 2, '2020-07-14 00:00:00'),
(44, 56, 1, '2020-09-15 00:11:17'),
(45, 56, 5, '2020-09-15 07:05:50'),
(46, 56, 10, '2020-09-15 09:21:39');

-- --------------------------------------------------------

--
-- Table structure for table `vote`
--

DROP TABLE IF EXISTS `vote`;
CREATE TABLE IF NOT EXISTS `vote` (
  `id` int(11) NOT NULL AUTO_INCREMENT,
  `creator_user_id` int(11) NOT NULL,
  `treaty_id` int(11) NOT NULL,
  `organization_id` int(11) NOT NULL,
  `vote_type` tinyint(3) NOT NULL,
  `create_date` timestamp NOT NULL DEFAULT current_timestamp() ON UPDATE current_timestamp(),
  PRIMARY KEY (`id`),
  KEY `creator_user_id` (`creator_user_id`),
  KEY `treaty_id` (`treaty_id`),
  KEY `organization_id` (`organization_id`)
) ENGINE=InnoDB AUTO_INCREMENT=22 DEFAULT CHARSET=latin1;

--
-- Dumping data for table `vote`
--

INSERT INTO `vote` (`id`, `creator_user_id`, `treaty_id`, `organization_id`, `vote_type`, `create_date`) VALUES
(12, 56, 24, 1, 1, '2020-09-18 04:54:56'),
(13, 56, 24, 1, 0, '2020-09-18 04:55:01'),
(14, 56, 24, 1, 1, '2020-09-18 09:19:59'),
(15, 56, 29, 1, 1, '2020-09-19 13:56:42'),
(16, 56, 29, 1, 1, '2020-09-19 14:06:09'),
(17, 56, 29, 1, 1, '2020-09-19 14:06:56'),
(18, 56, 28, 2, 1, '2020-09-19 14:09:04'),
(19, 56, 28, 2, 1, '2020-09-19 14:09:47'),
(20, 56, 28, 2, 0, '2020-09-19 14:15:56'),
(21, 56, 29, 1, 0, '2020-09-19 14:24:29');

--
-- Constraints for dumped tables
--

--
-- Constraints for table `conflict`
--
ALTER TABLE `conflict`
  ADD CONSTRAINT `conflict_ibfk_1` FOREIGN KEY (`creator_user_id`) REFERENCES `user` (`id`),
  ADD CONSTRAINT `conflict_ibfk_2` FOREIGN KEY (`organization_a_id`) REFERENCES `organization` (`id`),
  ADD CONSTRAINT `conflict_ibfk_3` FOREIGN KEY (`organization_b_id`) REFERENCES `organization` (`id`);

--
-- Constraints for table `grievance`
--
ALTER TABLE `grievance`
  ADD CONSTRAINT `grievance_ibfk_1` FOREIGN KEY (`creator_user_id`) REFERENCES `user` (`id`),
  ADD CONSTRAINT `grievance_ibfk_2` FOREIGN KEY (`organization_id`) REFERENCES `organization` (`id`),
  ADD CONSTRAINT `grievance_ibfk_3` FOREIGN KEY (`conflict_id`) REFERENCES `conflict` (`id`),
  ADD CONSTRAINT `grievance_ibfk_4` FOREIGN KEY (`creator_organization_id`) REFERENCES `organization` (`id`);

--
-- Constraints for table `grievance_comment`
--
ALTER TABLE `grievance_comment`
  ADD CONSTRAINT `grievance_comment_ibfk_1` FOREIGN KEY (`creator_user_id`) REFERENCES `user` (`id`),
  ADD CONSTRAINT `grievance_comment_ibfk_2` FOREIGN KEY (`grievance_id`) REFERENCES `grievance` (`id`);

--
-- Constraints for table `grievance_like`
--
ALTER TABLE `grievance_like`
  ADD CONSTRAINT `grievance_like_ibfk_1` FOREIGN KEY (`creator_user_id`) REFERENCES `user` (`id`) ON DELETE NO ACTION,
  ADD CONSTRAINT `grievance_like_ibfk_2` FOREIGN KEY (`grievance_id`) REFERENCES `grievance` (`id`) ON DELETE NO ACTION,
  ADD CONSTRAINT `grievance_like_ibfk_3` FOREIGN KEY (`organization_id`) REFERENCES `organization` (`id`) ON DELETE NO ACTION;

--
-- Constraints for table `offer`
--
ALTER TABLE `offer`
  ADD CONSTRAINT `offer_ibfk_1` FOREIGN KEY (`creator_user_id`) REFERENCES `user` (`id`),
  ADD CONSTRAINT `offer_ibfk_2` FOREIGN KEY (`organization_id`) REFERENCES `organization` (`id`),
  ADD CONSTRAINT `offer_ibfk_3` FOREIGN KEY (`conflict_id`) REFERENCES `conflict` (`id`),
  ADD CONSTRAINT `offer_ibfk_4` FOREIGN KEY (`creator_organization_id`) REFERENCES `organization` (`id`);

--
-- Constraints for table `offer_comment`
--
ALTER TABLE `offer_comment`
  ADD CONSTRAINT `offer_comment_ibfk_1` FOREIGN KEY (`offer_id`) REFERENCES `offer` (`id`);

--
-- Constraints for table `offer_like`
--
ALTER TABLE `offer_like`
  ADD CONSTRAINT `offer_like_ibfk_1` FOREIGN KEY (`creator_user_id`) REFERENCES `user` (`id`),
  ADD CONSTRAINT `offer_like_ibfk_2` FOREIGN KEY (`offer_id`) REFERENCES `offer` (`id`),
  ADD CONSTRAINT `offer_like_ibfk_3` FOREIGN KEY (`organization_id`) REFERENCES `organization` (`id`);

--
-- Constraints for table `organization`
--
ALTER TABLE `organization`
  ADD CONSTRAINT `organization_ibfk_1` FOREIGN KEY (`creator_user_id`) REFERENCES `user` (`id`);

--
-- Constraints for table `provision_comment`
--
ALTER TABLE `provision_comment`
  ADD CONSTRAINT `provision_comment_ibfk_1` FOREIGN KEY (`creator_user_id`) REFERENCES `user` (`id`),
  ADD CONSTRAINT `provision_comment_ibfk_2` FOREIGN KEY (`provision_id`) REFERENCES `treaty_provision` (`id`);

--
-- Constraints for table `provision_like`
--
ALTER TABLE `provision_like`
  ADD CONSTRAINT `provision_like_ibfk_1` FOREIGN KEY (`creator_user_id`) REFERENCES `user` (`id`),
  ADD CONSTRAINT `provision_like_ibfk_2` FOREIGN KEY (`organization_id`) REFERENCES `organization` (`id`),
  ADD CONSTRAINT `provision_like_ibfk_3` FOREIGN KEY (`provision_id`) REFERENCES `treaty_provision` (`id`);

--
-- Constraints for table `treaty`
--
ALTER TABLE `treaty`
  ADD CONSTRAINT `treaty_ibfk_1` FOREIGN KEY (`creator_user_id`) REFERENCES `user` (`id`),
  ADD CONSTRAINT `treaty_ibfk_2` FOREIGN KEY (`organization_id`) REFERENCES `organization` (`id`),
  ADD CONSTRAINT `treaty_ibfk_3` FOREIGN KEY (`status_id`) REFERENCES `treaty_status` (`id`);

--
-- Constraints for table `treaty_comment`
--
ALTER TABLE `treaty_comment`
  ADD CONSTRAINT `treaty_comment_ibfk_1` FOREIGN KEY (`creator_user_id`) REFERENCES `user` (`id`),
  ADD CONSTRAINT `treaty_comment_ibfk_2` FOREIGN KEY (`treaty_id`) REFERENCES `treaty` (`id`);

--
-- Constraints for table `treaty_provision`
--
ALTER TABLE `treaty_provision`
  ADD CONSTRAINT `treaty_provision_ibfk_1` FOREIGN KEY (`creator_user_id`) REFERENCES `user` (`id`),
  ADD CONSTRAINT `treaty_provision_ibfk_2` FOREIGN KEY (`treaty_id`) REFERENCES `treaty` (`id`);

--
-- Constraints for table `treaty_rating`
--
ALTER TABLE `treaty_rating`
  ADD CONSTRAINT `treaty_rating_ibfk_1` FOREIGN KEY (`creator_user_id`) REFERENCES `user` (`id`),
  ADD CONSTRAINT `treaty_rating_ibfk_2` FOREIGN KEY (`treaty_id`) REFERENCES `treaty` (`id`),
  ADD CONSTRAINT `treaty_rating_ibfk_3` FOREIGN KEY (`organization_id`) REFERENCES `organization` (`id`);

--
-- Constraints for table `user_comment`
--
ALTER TABLE `user_comment`
  ADD CONSTRAINT `user_comment_ibfk_1` FOREIGN KEY (`creator_user_id`) REFERENCES `user` (`id`),
  ADD CONSTRAINT `user_comment_ibfk_2` FOREIGN KEY (`user_id`) REFERENCES `user` (`id`);

--
-- Constraints for table `user_message`
--
ALTER TABLE `user_message`
  ADD CONSTRAINT `user_message_ibfk_1` FOREIGN KEY (`creator_user_id`) REFERENCES `user` (`id`),
  ADD CONSTRAINT `user_message_ibfk_2` FOREIGN KEY (`user_id`) REFERENCES `user` (`id`);

--
-- Constraints for table `user_to_organization`
--
ALTER TABLE `user_to_organization`
  ADD CONSTRAINT `user_to_organization_ibfk_1` FOREIGN KEY (`creator_user_id`) REFERENCES `user` (`id`),
  ADD CONSTRAINT `user_to_organization_ibfk_2` FOREIGN KEY (`organization_id`) REFERENCES `organization` (`id`);

--
-- Constraints for table `vote`
--
ALTER TABLE `vote`
  ADD CONSTRAINT `vote_ibfk_1` FOREIGN KEY (`creator_user_id`) REFERENCES `user` (`id`),
  ADD CONSTRAINT `vote_ibfk_2` FOREIGN KEY (`treaty_id`) REFERENCES `treaty` (`id`),
  ADD CONSTRAINT `vote_ibfk_3` FOREIGN KEY (`organization_id`) REFERENCES `organization` (`id`);
COMMIT;

/*!40101 SET CHARACTER_SET_CLIENT=@OLD_CHARACTER_SET_CLIENT */;
/*!40101 SET CHARACTER_SET_RESULTS=@OLD_CHARACTER_SET_RESULTS */;
/*!40101 SET COLLATION_CONNECTION=@OLD_COLLATION_CONNECTION */;
